,Temperatura,Humedad,Presion,Altitud
Temperatura,0.9999999999999996,-0.9748513364749087,-0.24097908354303318,0.24145838953135187
Humedad,-0.9748513364749087,0.9999999999999998,0.22620471198523465,-0.22679304567608974
Presion,-0.24097908354303318,0.22620471198523465,0.9999999999999993,-0.9997796169127192
Altitud,0.24145838953135187,-0.22679304567608974,-0.9997796169127192,1.0000000000000004
