accuracy,precision,recall,f1_score,roc_auc
0.8511326860841424,0.8720238095238095,0.9184952978056427,0.8946564885496183,0.9201793016671911
